--------------
SELECT lname FROM patient
--------------

lname
Thompson
Gellar
Brown
Green
Gellar
Gellar
Bing
7 rows in set

--------------
SELECT DISTINCT lname FROM patient
--------------

lname
Thompson
Gellar
Brown
Green
Bing
5 rows in set

--------------
SELECT * FROM doctor ORDER BY lname
--------------

licenseNum	fName	lName	specialty	dateLicensed	hospitalCode
SE66	Colleen	Aziz	Surgeon	1989-08-24	ABC
B0N3	Temperance	Brennan	Forensic Anthropologist	2003-05-02	ABC
HT45	Ross	Clooney	Surgeon	1987-06-20	DDE
RD34	Bernie	Kavorikian	Urologist	1980-09-09	BBC
GD56	Joey	Shabado	Podiatrist	1960-06-24	BBC
YT67	Ben	Spock	Pediatrician	1955-02-20	DDE
JK78	Mandy	Webster	Surgeon	1990-08-08	BBC
7 rows in set

--------------
SELECT name, hospitalCode FROM hospital WHERE numBeds > 1500
--------------

name	hospitalCode
Victoria	ABC
1 row in set

--------------
SELECT lname, fname FROM doctor
       WHERE hospitalCode = (SELECT hospitalCode FROM hospital WHERE name = "St.Joseph")
--------------

lname	fname
Shabado	Joey
Webster	Mandy
Kavorikian	Bernie
3 rows in set

--------------
SELECT fname, lname FROM patient WHERE lname LIKE 'G%'
--------------

fname	lname
Bill	Gellar
Jon	Green
Colleen	Gellar
Sean	Gellar
4 rows in set

--------------
SELECT fname, lname FROM patient AS p INNER JOIN treats AS t ON p.ohipNum = t.ohipNum
       WHERE licenseNum = (SELECT licenseNum FROM doctor WHERE lname = "Clooney")
--------------

fname	lname
Sean	Gellar
Jon	Green
Scotty	Bing
Suzi	Brown
4 rows in set

--------------
SELECT name, city, lname FROM hospital AS h
       INNER JOIN doctor AS d ON h.headDocLicNum = d.licenseNum
--------------

name	city	lname
Victoria	London	Aziz
St.Joseph	London	Shabado
Victoria	Victoria	Spock
3 rows in set

--------------
SELECT COUNT(numBeds) AS "Total Number of Beds" FROM hospital
--------------

Total Number of Beds
3
1 row in set

--------------
SELECT p.fname "Patient Name", d.fname "Doctor Name" FROM doctor d, patient AS p
       INNER JOIN treats AS t ON p.ohipNum = t.ohipNum
       WHERE t.licenseNum IN (SELECT headDocLicNum FROM hospital)
--------------

Patient Name	Doctor Name
Bill	Temperance
Colleen	Temperance
Scotty	Temperance
Jon	Temperance
Ethan	Temperance
Bill	Joey
Colleen	Joey
Scotty	Joey
Jon	Joey
Ethan	Joey
Bill	Ross
Colleen	Ross
Scotty	Ross
Jon	Ross
Ethan	Ross
Bill	Mandy
Colleen	Mandy
Scotty	Mandy
Jon	Mandy
Ethan	Mandy
Bill	Bernie
Colleen	Bernie
Scotty	Bernie
Jon	Bernie
Ethan	Bernie
Bill	Colleen
Colleen	Colleen
Scotty	Colleen
Jon	Colleen
Ethan	Colleen
Bill	Ben
Colleen	Ben
Scotty	Ben
Jon	Ben
Ethan	Ben
35 rows in set

--------------
SELECT lname, fname FROM doctor
       WHERE specialty = "Surgeon"
       AND hospitalCode IN (SELECT hospitalCode FROM hospital WHERE name = "Victoria")
--------------

lname	fname
Clooney	Ross
Aziz	Colleen
2 rows in set

--------------
SELECT fname FROM doctor WHERE licenseNum NOT IN (SELECT licenseNum FROM treats)
--------------

fname
Temperance
Bernie
Ben
3 rows in set

--------------
SELECT lname, fname FROM doctor AS d
       INNER JOIN treats AS t ON d.licenseNum = t.licenseNum
       GROUP BY t.licenseNum HAVING COUNT(t.ohipNum) > 1
--------------

lname	fname
Shabado	Joey
Clooney	Ross
Webster	Mandy
Aziz	Colleen
4 rows in set

Bye
